{"env_id": "JacoReach-v1"}
{"r": -79.746179553950796, "l": 150}
{"r": -81.649176872029955, "l": 150}
